<?xml version="1.0" encoding="utf-8"?>
<Clientes>
	<Cliente Id="1">
		<Categoria>Corporativo</Categoria>
		<Identificador>22777420</Identificador>
		<Nombre>Sheldon Cooper</Nombre>
		<Direccion>Avenida 1234</Direccion>
		<Telefono>011-1234-5678</Telefono>
		<Email>sheldon.cooper@gmail.com</Email>
	</Cliente>
	<Cliente Id="2">
		<Categoria>Empresarial</Categoria>
		<Identificador>23456789</Identificador>
		<Nombre>Leonard Hofstadter</Nombre>
		<Direccion>Calle 567</Direccion>
		<Telefono>011-9876-5432</Telefono>
		<Email>leonard.hofstadter@yahoo.com</Email>
	</Cliente>
	<Cliente Id="3">
		<Categoria>Gubernamental</Categoria>
		<Identificador>34567890</Identificador>
		<Nombre>Penny Hofstadter</Nombre>
		<Direccion>Plaza 987</Direccion>
		<Telefono>011-3456-7890</Telefono>
		<Email>penny123@hotmail.com</Email>
	</Cliente>
	<Cliente Id="4">
		<Categoria>Particular</Categoria>
		<Identificador>45678901</Identificador>
		<Nombre>Howard Wolowitz</Nombre>
		<Direccion>Callejón 543</Direccion>
		<Telefono>011-6543-2109</Telefono>
		<Email>howard.wolowitz@gmail.com</Email>
	</Cliente>
	<Cliente Id="5">
		<Categoria>Corporativo</Categoria>
		<Identificador>56789012</Identificador>
		<Nombre>Rajesh Koothrappali</Nombre>
		<Direccion>Avenida 876</Direccion>
		<Telefono>011-7890-1234</Telefono>
		<Email>raj.koothrappali@yahoo.com</Email>
	</Cliente>
	<Cliente Id="6">
		<Categoria>Empresarial</Categoria>
		<Identificador>67890123</Identificador>
		<Nombre>Amy Farrah Fowler</Nombre>
		<Direccion>Plaza 654</Direccion>
		<Telefono>011-8765-4321</Telefono>
		<Email>amy.fowler@email.com</Email>
	</Cliente>
	<Cliente Id="7">
		<Categoria>Gubernamental</Categoria>
		<Identificador>78901234</Identificador>
		<Nombre>Bernadette Rostenkowski-Wolowitz</Nombre>
		<Direccion>Calle 210</Direccion>
		<Telefono>011-7890-9876</Telefono>
		<Email>bernadetteRW@hotmail.com</Email>
	</Cliente>
	<Cliente Id="8">
		<Categoria>Particular</Categoria>
		<Identificador>89012345</Identificador>
		<Nombre>Stuart Bloom</Nombre>
		<Direccion>Avenida 4321</Direccion>
		<Telefono>011-4321-8765</Telefono>
		<Email>stuart.bloom@gmail.com</Email>
	</Cliente>
	<Cliente Id="9">
		<Categoria>Corporativo</Categoria>
		<Identificador>90123456</Identificador>
		<Nombre>Wil Wheaton</Nombre>
		<Direccion>Calle 789</Direccion>
		<Telefono>011-9876-5432</Telefono>
		<Email>wil.wheaton@yahoo.com</Email>
	</Cliente>
</Clientes>
