﻿<Mudanzas>
	<Mudanza Id="1">
		<Fecha>2023-09-16</Fecha>
		<Camion>
			<Patente>GRT-777</Patente>
			<Marca>Mercedes-Benz Actros 1845</Marca>
		</Camion>
		<Chofer>
			<DNI>34567890</DNI>
			<NombreApellido>Sheldon Cooper</NombreApellido>
		</Chofer>
		<Estibadores>
			<Estibador>
				<DNI>11223344</DNI>
				<NombreApellido>Amy Farrah Fowler</NombreApellido>
			</Estibador>
			<Estibador>
				<DNI>55667788</DNI>
				<NombreApellido>Howard Wolowitz</NombreApellido>
			</Estibador>
		</Estibadores>
		<Insumos>
			<Insumo>
				<Cantidad>2</Cantidad>
				<Descripcion>Kit de seguridad por estibador</Descripcion>
			</Insumo>
			<Insumo>
				<Cantidad>3</Cantidad>
				<Descripcion>Aparejo manual a cadena gancho 2 Tn</Descripcion>
			</Insumo>
			<Insumo>
				<Cantidad>1</Cantidad>
				<Descripcion>Apilador manual hidráulico 1 Tn</Descripcion>
			</Insumo>
		</Insumos>
		<OrdenID>7</OrdenID>
	</Mudanza>
	<!-- Cambiar a empleados existentes por DNI -->
	<Mudanza Id="2">
		<Fecha>2023-10-17</Fecha>
		<Camion>
			<Patente>AZM-123</Patente>
			<Marca>Scania R450</Marca>
		</Camion>
		<Chofer>
			<DNI>11112222</DNI>
			<NombreApellido>Leonard Hofstadter</NombreApellido>
		</Chofer>
		<Estibadores>
			<Estibador>
				<DNI>33334444</DNI>
				<NombreApellido>Penny</NombreApellido>
			</Estibador>
			<Estibador>
				<DNI>55556666</DNI>
				<NombreApellido>Rajesh Koothrappali</NombreApellido>
			</Estibador>
		</Estibadores>
		<Insumos>
			<Insumo>
				<Cantidad>2</Cantidad>
				<Descripcion>Celular Samsung</Descripcion>
			</Insumo>
			<Insumo>
				<Cantidad>6</Cantidad>
				<Descripcion>Cuerdas 18mm de 5 mts. c/u</Descripcion>
			</Insumo>
			<Insumo>
				<Cantidad>1</Cantidad>
				<Descripcion>Apilador manual hidráulico 1 Tn</Descripcion>
			</Insumo>
		</Insumos>
		<OrdenID>7</OrdenID>
	</Mudanza>
	<!-- Cambiar a empleados existentes por DNI -->
	<Mudanza Id="3">
		<Fecha>2023-11-18</Fecha>
		<Camion>
			<Patente>CXI-789</Patente>
			<Marca>Volvo FH16</Marca>
		</Camion>
		<Chofer>
			<DNI>99998888</DNI>
			<NombreApellido>Howard Wolowitz</NombreApellido>
		</Chofer>
		<Estibadores>
			<Estibador>
				<DNI>77776666</DNI>
				<NombreApellido>Fernando Rodriguez</NombreApellido>
			</Estibador>
			<Estibador>
				<DNI>44443333</DNI>
				<NombreApellido>Julieta Martinez</NombreApellido>
			</Estibador>
		</Estibadores>
		<Insumos>
			<Insumo>
				<Cantidad>2</Cantidad>
				<Descripcion>Kit de seguridad por estibador</Descripcion>
			</Insumo>
			<Insumo>
				<Cantidad>3</Cantidad>
				<Descripcion>Aparejo manual a cadena gancho 2 Tn</Descripcion>
			</Insumo>
		</Insumos>
		<OrdenID>7</OrdenID>
	</Mudanza>
	<!-- Agregar caso faltante -->
	<Mudanza Id="4">
		<Fecha>2023-11-20</Fecha>
		<Camion>
			<Patente>XYZ-456</Patente>
			<Marca>MAN TGX</Marca>
		</Camion>
		<Chofer>
			<DNI>12344321</DNI>
			<NombreApellido>Stuart Bloom</NombreApellido>
		</Chofer>
		<Estibadores>
			<Estibador>
				<DNI>11223344</DNI>
				<NombreApellido>Amy Farrah Fowler</NombreApellido>
			</Estibador>
			<Estibador>
				<DNI>55667788</DNI>
				<NombreApellido>Howard Wolowitz</NombreApellido>
			</Estibador>
		</Estibadores>
		<Insumos>
			<Insumo>
				<Cantidad>2</Cantidad>
				<Descripcion>Kit de seguridad por estibador</Descripcion>
			</Insumo>
			<Insumo>
				<Cantidad>3</Cantidad>
				<Descripcion>Aparejo manual a cadena gancho 2 Tn</Descripcion>
			</Insumo>
			<Insumo>
				<Cantidad>1</Cantidad>
				<Descripcion>Apilador manual hidráulico 1 Tn</Descripcion>
			</Insumo>
		</Insumos>
		<OrdenID>7</OrdenID>
	</Mudanza>
</Mudanzas>
