﻿<?xml version="1.0" encoding="utf-8" ?>
<Ordenes>
	<Orden Id="1">
		<Estado>Solicitado</Estado>
		<Fecha>2023-11-01</Fecha>
		<DireccionOrigen>Calle A, Ciudad 1</DireccionOrigen>
		<LugarCarga>Casa con jardín</LugarCarga>
		<DireccionDestino>Calle B, Ciudad 2</DireccionDestino>
		<LugarDescarga>Apartamento en el centro</LugarDescarga>
		<Muebles>
			<Mueble>
				<Cantidad>2</Cantidad>
				<Descripcion>Sillas de comedor</Descripcion>
			</Mueble>
			<Mueble>
				<Cantidad>1</Cantidad>
				<Descripcion>Sofá</Descripcion>
			</Mueble>
		</Muebles>
		<Observaciones>Muebles frágiles</Observaciones>
		<KilometrosDistancia>50</KilometrosDistancia>
		<Monto>200.00</Monto>
		<ClienteID>1</ClienteID>
	</Orden>
	<Orden Id="2">
		<Estado>Pagado</Estado>
		<Fecha>2024-08-26</Fecha>
		<DireccionOrigen>Calle X, Ciudad 3</DireccionOrigen>
		<LugarCarga>Casa grande</LugarCarga>
		<DireccionDestino>Calle Y, Ciudad 4</DireccionDestino>
		<LugarDescarga>Apartamento en el centro</LugarDescarga>
		<Muebles>
			<Mueble>
				<Cantidad>3</Cantidad>
				<Descripcion>Mesas de centro</Descripcion>
			</Mueble>
			<Mueble>
				<Cantidad>2</Cantidad>
				<Descripcion>Sillas de oficina</Descripcion>
			</Mueble>
		</Muebles>
		<Observaciones>Sin restricciones</Observaciones>
		<KilometrosDistancia>75</KilometrosDistancia>
		<Monto>350.00</Monto>
		<ClienteID>2</ClienteID>
	</Orden>
	<Orden Id="3">
		<Estado>Tránsito</Estado>
		<Fecha>2023-11-03</Fecha>
		<DireccionOrigen>Calle P, Ciudad 5</DireccionOrigen>
		<LugarCarga>Oficina de empresa</LugarCarga>
		<DireccionDestino>Calle Q, Ciudad 6</DireccionDestino>
		<LugarDescarga>Almacén</LugarDescarga>
		<Muebles>
			<Mueble>
				<Cantidad>1</Cantidad>
				<Descripcion>Escritorio de oficina</Descripcion>
			</Mueble>
		</Muebles>
		<Observaciones>Entrega puntual</Observaciones>
		<KilometrosDistancia>30</KilometrosDistancia>
		<Monto>150.00</Monto>
		<ClienteID>3</ClienteID>
	</Orden>

	<Orden Id="4">
		<Estado>Tránsito</Estado>
		<Fecha>2023-11-04</Fecha>
		<DireccionOrigen>Calle C, Ciudad 7</DireccionOrigen>
		<LugarCarga>Apartamento en el centro</LugarCarga>
		<DireccionDestino>Calle D, Ciudad 8</DireccionDestino>
		<LugarDescarga>Casa en las afueras</LugarDescarga>
		<Muebles>
			<Mueble>
				<Cantidad>2</Cantidad>
				<Descripcion>Mesas auxiliares</Descripcion>
			</Mueble>
			<Mueble>
				<Cantidad>2</Cantidad>
				<Descripcion>Sofás reclinables</Descripcion>
			</Mueble>
		</Muebles>
		<Observaciones>Entrega urgente</Observaciones>
		<KilometrosDistancia>90</KilometrosDistancia>
		<Monto>300.00</Monto>
		<ClienteID>4</ClienteID>
	</Orden>

	<Orden Id="5">
		<Estado>Solicitado</Estado>
		<Fecha>2023-11-05</Fecha>
		<DireccionOrigen>Calle E, Ciudad 9</DireccionOrigen>
		<LugarCarga>Casa con jardín</LugarCarga>
		<DireccionDestino>Calle F, Ciudad 10</DireccionDestino>
		<LugarDescarga>Apartamento en el centro</LugarDescarga>
		<Muebles>
			<Mueble>
				<Cantidad>4</Cantidad>
				<Descripcion>Sillas de jardín</Descripcion>
			</Mueble>
		</Muebles>
		<Observaciones>Ninguna</Observaciones>
		<KilometrosDistancia>25</KilometrosDistancia>
		<Monto>100.00</Monto>
		<ClienteID>5</ClienteID>
	</Orden>

	<Orden Id="6">
		<Estado>Completado</Estado>
		<Fecha>2023-11-06</Fecha>
		<DireccionOrigen>Calle G, Ciudad 11</DireccionOrigen>
		<LugarCarga>Almacén</LugarCarga>
		<DireccionDestino>Calle H, Ciudad 12</DireccionDestino>
		<LugarDescarga>Oficina de empresa</LugarDescarga>
		<Muebles>
			<Mueble>
				<Cantidad>3</Cantidad>
				<Descripcion>Escritorios de oficina</Descripcion>
			</Mueble>
			<Mueble>
				<Cantidad>6</Cantidad>
				<Descripcion>Sillas de conferencia</Descripcion>
			</Mueble>
		</Muebles>
		<Observaciones>Instalación requerida</Observaciones>
		<KilometrosDistancia>40</KilometrosDistancia>
		<Monto>220.00</Monto>
		<ClienteID>6</ClienteID>
	</Orden>

	<Orden Id="7">
		<Estado>Cancelado</Estado>
		<Fecha>2023-11-07</Fecha>
		<DireccionOrigen>Calle I, Ciudad 13</DireccionOrigen>
		<LugarCarga>Casa grande</LugarCarga>
		<DireccionDestino>Calle J, Ciudad 14</DireccionDestino>
		<LugarDescarga>Apartamento en el centro</LugarDescarga>
		<Muebles>
			<Mueble>
				<Cantidad>1</Cantidad>
				<Descripcion>Sofá cama</Descripcion>
			</Mueble>
		</Muebles>
		<Observaciones>Cliente no disponible</Observaciones>
		<KilometrosDistancia>60</KilometrosDistancia>
		<Monto>0.00</Monto>
		<ClienteID>7</ClienteID>
	</Orden>

	<Orden Id="8">
		<Estado>Pagado</Estado>
		<Fecha>2024-08-26</Fecha>
		<DireccionOrigen>Calle K, Ciudad 15</DireccionOrigen>
		<LugarCarga>Oficina de empresa</LugarCarga>
		<DireccionDestino>Calle L, Ciudad 16</DireccionDestino>
		<LugarDescarga>Casa con jardín</LugarDescarga>
		<Muebles>
			<Mueble>
				<Cantidad>2</Cantidad>
				<Descripcion>Mesas de comedor</Descripcion>
			</Mueble>
		</Muebles>
		<Observaciones>Sin restricciones</Observaciones>
		<KilometrosDistancia>55</KilometrosDistancia>
		<Monto>250.00</Monto>
		<ClienteID>8</ClienteID>
	</Orden>

	<Orden Id="9">
		<Estado>Tránsito</Estado>
		<Fecha>2023-11-09</Fecha>
		<DireccionOrigen>Calle M, Ciudad 17</DireccionOrigen>
		<LugarCarga>Almacén</LugarCarga>
		<DireccionDestino>Calle N, Ciudad 18</DireccionDestino>
		<LugarDescarga>Casa en las afueras</LugarDescarga>
		<Muebles>
			<Mueble>
				<Cantidad>3</Cantidad>
				<Descripcion>Mesas auxiliares</Descripcion>
			</Mueble>
		</Muebles>
		<Observaciones>Entrega programada</Observaciones>
		<KilometrosDistancia>70</KilometrosDistancia>
		<Monto>320.00</Monto>
		<ClienteID>9</ClienteID>
	</Orden>

</Ordenes>
