<?xml version="1.0" encoding="utf-8"?>
<Tarifas>
	<Tarifa Id="1">
		<Desde>2022-01-01</Desde>
		<Hasta>2022-04-30</Hasta>
		<MontoKilometro>12</MontoKilometro>
		<Coeficientes>
			<Coeficiente>
				<Categoria>Corporativo</Categoria>
				<Valor>9.2</Valor>
			</Coeficiente>
			<Coeficiente>
				<Categoria>Empresarial</Categoria>
				<Valor>8.5</Valor>
			</Coeficiente>
			<Coeficiente>
				<Categoria>Gubernamental</Categoria>
				<Valor>10.1</Valor>
			</Coeficiente>
			<Coeficiente>
				<Categoria>Particular</Categoria>
				<Valor>1.1</Valor>
			</Coeficiente>
		</Coeficientes>
	</Tarifa>
	<Tarifa Id="2">
		<Desde>2022-05-01</Desde>
		<Hasta>2022-08-31</Hasta>
		<MontoKilometro>12</MontoKilometro>
		<Coeficientes>
			<Coeficiente>
				<Categoria>Corporativo</Categoria>
				<Valor>9.3</Valor>
			</Coeficiente>
			<Coeficiente>
				<Categoria>Empresarial</Categoria>
				<Valor>8.5</Valor>
			</Coeficiente>
			<Coeficiente>
				<Categoria>Gubernamental</Categoria>
				<Valor>10.2</Valor>
			</Coeficiente>
			<Coeficiente>
				<Categoria>Particular</Categoria>
				<Valor>1.2</Valor>
			</Coeficiente>
		</Coeficientes>
	</Tarifa>
	<Tarifa Id="3">
		<Desde>2022-09-01</Desde>
		<Hasta>2022-12-31</Hasta>
		<MontoKilometro>14</MontoKilometro>
		<Coeficientes>
			<Coeficiente>
				<Categoria>Corporativo</Categoria>
				<Valor>9.3</Valor>
			</Coeficiente>
			<Coeficiente>
				<Categoria>Empresarial</Categoria>
				<Valor>8.6</Valor>
			</Coeficiente>
			<Coeficiente>
				<Categoria>Gubernamental</Categoria>
				<Valor>10.3</Valor>
			</Coeficiente>
			<Coeficiente>
				<Categoria>Particular</Categoria>
				<Valor>1.3</Valor>
			</Coeficiente>
		</Coeficientes>
	</Tarifa>
	<Tarifa Id="4">
		<Desde>2023-01-01</Desde>
		<Hasta>2023-04-30</Hasta>
		<MontoKilometro>12</MontoKilometro>
		<Coeficientes>
			<Coeficiente>
				<Categoria>Corporativo</Categoria>
				<Valor>9.4</Valor>
			</Coeficiente>
			<Coeficiente>
				<Categoria>Empresarial</Categoria>
				<Valor>8.6</Valor>
			</Coeficiente>
			<Coeficiente>
				<Categoria>Gubernamental</Categoria>
				<Valor>10.4</Valor>
			</Coeficiente>
			<Coeficiente>
				<Categoria>Particular</Categoria>
				<Valor>1.4</Valor>
			</Coeficiente>
		</Coeficientes>
	</Tarifa>
	<Tarifa Id="5">
		<Desde>2023-05-01</Desde>
		<Hasta>2023-08-31</Hasta>
		<MontoKilometro>11</MontoKilometro>
		<Coeficientes>
			<Coeficiente>
				<Categoria>Corporativo</Categoria>
				<Valor>9.4</Valor>
			</Coeficiente>
			<Coeficiente>
				<Categoria>Empresarial</Categoria>
				<Valor>8.7</Valor>
			</Coeficiente>
			<Coeficiente>
				<Categoria>Gubernamental</Categoria>
				<Valor>10.5</Valor>
			</Coeficiente>
			<Coeficiente>
				<Categoria>Particular</Categoria>
				<Valor>1.5</Valor>
			</Coeficiente>
		</Coeficientes>
	</Tarifa>
	<Tarifa Id="6">
		<Desde>2023-09-01</Desde>
		<Hasta>2023-12-31</Hasta>
		<MontoKilometro>14</MontoKilometro>
		<Coeficientes>
			<Coeficiente>
				<Categoria>Corporativo</Categoria>
				<Valor>9.5</Valor>
			</Coeficiente>
			<Coeficiente>
				<Categoria>Empresarial</Categoria>
				<Valor>8.7</Valor>
			</Coeficiente>
			<Coeficiente>
				<Categoria>Gubernamental</Categoria>
				<Valor>10.6</Valor>
			</Coeficiente>
			<Coeficiente>
				<Categoria>Particular</Categoria>
				<Valor>1.6</Valor>
			</Coeficiente>
		</Coeficientes>
	</Tarifa>
	<Tarifa Id="7">
		<Desde>2024-01-01</Desde>
		<Hasta>2024-12-31</Hasta>
		<MontoKilometro>12</MontoKilometro>
		<Coeficientes>
			<Coeficiente>
				<Categoria>Corporativo</Categoria>
				<Valor>20</Valor>
			</Coeficiente>
			<Coeficiente>
				<Categoria>Empresarial</Categoria>
				<Valor>10</Valor>
			</Coeficiente>
			<Coeficiente>
				<Categoria>Gubernamental</Categoria>
				<Valor>50</Valor>
			</Coeficiente>
			<Coeficiente>
				<Categoria>Particular</Categoria>
				<Valor>5</Valor>
			</Coeficiente>
		</Coeficientes>
	</Tarifa>
</Tarifas>